time_records,open,high,low,close,prediction,ticket,order price,prediction_s
2023-03-29 09:00:00,,,,,,,,
2023-03-29 21:00:00,,,,,,,,
2023-03-29 23:00:00,,,,,,,,
2023-03-30 00:00:00,,,,,,,,
2023-03-30 08:00:00,1961.438,1961.981,1955.383,1959.153,0.0,none,none,
2023-03-30 09:00:00,1959.147,1960.24,1958.052,1958.419,0.0,none,none,
2023-03-30 10:00:00,1958.406,1960.868,1957.654,1959.604,0.0,none,none,
2023-03-30 13:00:00,1964.575,1969.432,1963.778,1968.744,1.0,268151662,1969.042,
2023-03-30 14:00:00,1968.712,1971.512,1966.009,1966.668,0.0,none,none,
2023-03-30 15:00:00,1966.637,1968.551,1964.956,1967.941,0.0,none,none,
2023-03-30 16:00:00,1967.918,1968.551,1966.946,1967.409,0.0,none,none,
2023-03-30 17:00:00,1967.389,1970.969,1966.944,1968.883,0.0,none,none,
2023-03-30 18:00:00,1968.853,1971.224,1968.261,1968.641,0.0,none,none,
2023-03-30 19:00:00,1968.672,1975.328,1967.752,1970.287,0.0,none,none,
2023-03-30 20:00:00,1970.257,1971.042,1965.234,1966.641,0.0,none,none,
2023-03-30 21:00:00,1966.672,1972.346,1963.951,1972.144,1.0,268401742,1972.238,
2023-03-30 22:00:00,1972.113,1975.2,1971.14,1974.737,0.0,none,none,
2023-03-30 23:00:00,1974.767,1984.289,1974.767,1983.147,1.0,268481272,1983.486,
2023-03-31 00:00:00,1983.177,1983.489,1978.16,1979.893,0.0,none,none,
2023-03-31 01:00:00,1979.862,1981.895,1979.546,1981.461,0.0,none,none,
2023-03-31 02:00:00,1981.436,1983.075,1980.484,1981.298,0.0,none,none,
2023-03-31 03:00:00,1981.268,1981.981,1979.887,1980.374,0.0,none,none,
2023-03-31 05:00:00,1980.343,1980.519,1979.081,1979.118,0.0,none,none,
2023-03-31 06:00:00,1979.119,1980.111,1978.02,1978.424,0.0,none,none,
2023-03-31 07:00:00,1978.449,1979.805,1977.671,1979.684,0.0,none,none,
2023-03-31 08:00:00,1979.652,1983.616,1979.134,1982.392,0.0,none,none,
2023-03-31 09:00:00,1982.36,1983.334,1980.822,1981.726,0.0,none,none,
2023-03-31 10:00:00,1981.695,1981.9,1980.817,1981.219,0.0,none,none,
2023-03-31 11:00:00,1981.196,1982.077,1980.269,1980.865,0.0,none,none,
2023-03-31 12:00:00,1980.856,1980.921,1978.124,1979.098,0.0,none,none,
2023-03-31 13:00:00,1979.092,1985.055,1979.092,1984.22,1.0,268660906,1984.332,
2023-03-31 14:00:00,1984.207,1984.207,1974.841,1975.299,0.0,none,none,
2023-03-31 15:00:00,1975.303,1978.746,1973.209,1975.193,0.0,none,none,
2023-03-31 16:00:00,1975.233,1980.403,1975.233,1978.455,1.0,268755949,1978.674,
2023-03-31 17:00:00,1978.486,1981.032,1976.99,1979.383,0.0,none,none,
2023-03-31 18:00:00,1979.415,1981.945,1979.345,1980.229,0.0,none,none,
2023-03-31 19:00:00,1980.241,1987.599,1976.188,1979.613,0.0,none,none,
2023-03-31 20:00:00,1979.582,1984.085,1974.801,1979.672,0.0,none,none,
2023-03-31 21:00:00,1979.636,1981.032,1975.258,1977.945,0.0,none,none,
2023-03-31 22:00:00,1977.949,1981.077,1974.87,1979.695,0.0,none,none,
2023-03-31 23:00:00,1979.688,1979.784,1975.278,1977.11,0.0,none,none,
2023-04-01 00:00:00,1977.145,1977.216,1966.844,1967.378,0.0,none,none,
2023-04-01 01:00:00,1967.416,1972.118,1967.204,1971.189,1.0,269019100,1971.56,
2023-04-01 02:00:00,1971.221,1971.435,1968.325,1970.968,0.0,none,none,
2023-04-01 03:00:00,1970.932,1970.997,1968.498,1969.414,0.0,none,none,
2023-04-03 05:00:00,1966.312,1967.445,1960.163,1962.561,0.0,none,none,
2023-04-03 06:00:00,1962.53,1962.688,1957.002,1957.064,0.0,none,none,
2023-04-03 07:00:00,1957.1,1964.126,1956.777,1962.413,1.0,269366266,1962.792,
2023-04-03 08:00:00,1962.41,1964.502,1958.446,1960.267,0.0,none,none,
2023-04-03 09:00:00,1960.261,1960.352,1952.351,1952.559,0.0,none,none,
2023-04-03 10:00:00,1952.526,1953.751,1949.654,1951.832,0.0,none,none,
2023-04-03 11:00:00,1951.839,1952.711,1950.493,1952.578,0.0,none,none,
2023-04-03 12:00:00,1952.612,1954.108,1951.484,1953.734,0.0,none,none,
2023-04-03 13:00:00,1953.701,1957.15,1950.859,1954.74,0.0,none,none,
2023-04-03 14:00:00,1954.736,1961.971,1953.274,1961.831,1.0,269563057,1961.947,
2023-04-03 15:00:00,1961.822,1966.417,1961.219,1965.796,1.0,269598495,1966.134,
2023-04-03 16:00:00,1965.829,1967.024,1963.115,1966.114,0.0,none,none,
2023-04-03 17:00:00,1966.095,1972.482,1966.025,1972.47,1.0,269659197,1972.633,
2023-04-03 18:00:00,1972.477,1978.742,1971.212,1978.657,1.0,269697628,1978.745,
2023-04-03 19:00:00,1978.625,1979.944,1975.708,1979.016,0.0,none,none,
2023-04-03 20:00:00,1979.054,1980.807,1972.368,1976.019,0.0,none,none,
2023-04-03 21:00:00,1976.118,1989.855,1976.118,1986.023,1.0,269865152,1986.182,
2023-04-03 22:00:00,1986.057,1990.514,1983.901,1987.981,0.0,none,none,
2023-04-03 23:00:00,1987.98,1990.477,1986.845,1987.028,0.0,none,none,
2023-04-04 00:00:00,1987.026,1987.026,1981.899,1985.069,0.0,none,none,
2023-04-04 01:00:00,1985.058,1985.291,1982.205,1982.417,0.0,none,none,
2023-04-04 02:00:00,1982.45,1986.075,1982.271,1985.111,0.0,none,none,
2023-04-04 03:00:00,1985.077,1985.947,1983.608,1984.268,0.0,none,none,
2023-04-04 05:00:00,1984.242,1985.5,1983.721,1983.978,0.0,none,none,
2023-04-04 06:00:00,1983.967,1985.512,1983.596,1984.973,0.0,none,none,
2023-04-04 07:00:00,1984.966,1985.304,1982.205,1982.911,0.0,none,none,
2023-04-04 08:00:00,1982.942,1983.593,1977.873,1978.255,0.0,none,none,
2023-04-04 09:00:00,1978.272,1981.425,1978.092,1980.846,0.0,none,none,
2023-04-04 10:00:00,1980.832,1980.864,1977.814,1978.126,0.0,none,none,
2023-04-04 11:00:00,1978.118,1980.747,1977.898,1979.782,0.0,none,none,
2023-04-04 12:00:00,1979.751,1981.022,1978.152,1978.855,0.0,none,none,
2023-04-04 13:00:00,1978.889,1982.373,1976.896,1981.598,0.0,none,none,
2023-04-04 14:00:00,1981.558,1983.791,1978.788,1982.176,0.0,none,none,
2023-04-04 15:00:00,1982.172,1984.217,1980.274,1980.688,0.0,none,none,
2023-04-04 16:00:00,1980.665,1983.807,1980.207,1982.975,0.0,none,none,
2023-04-04 17:00:00,1982.945,1984.319,1981.339,1982.151,0.0,none,none,
2023-04-04 18:00:00,1982.118,1982.492,1978.511,1981.991,0.0,none,none,
2023-04-04 19:00:00,1982.025,1985.664,1981.478,1983.641,0.0,none,none,
2023-04-04 20:00:00,1983.632,1993.231,1983.409,1992.572,1.0,270406426,1992.635,
2023-04-04 21:00:00,1992.476,2024.915,1992.476,2016.119,1.0,270560250,2016.033,
2023-04-04 22:00:00,2016.149,2023.175,2015.606,2020.242,1.0,270582910,2020.336,
2023-04-04 23:00:00,2020.211,2025.02,2019.634,2020.734,0.0,none,none,
2023-04-05 00:00:00,2020.745,2020.93,2017.865,2018.362,0.0,none,none,
2023-04-05 01:00:00,2018.329,2021.581,2017.888,2021.291,0.0,none,none,
2023-04-05 02:00:00,2021.324,2022.471,2020.333,2021.87,0.0,none,none,
2023-04-05 03:00:00,2021.838,2022.061,2020.135,2020.389,0.0,none,none,
2023-04-05 05:00:00,2021.087,2021.595,2019.746,2020.592,0.0,none,none,
2023-04-05 06:00:00,2020.609,2023.624,2020.603,2021.771,0.0,none,none,
2023-04-05 07:00:00,2021.785,2022.47,2019.38,2019.527,0.0,none,none,
2023-04-05 08:00:00,2019.558,2021.906,2019.558,2020.545,0.0,none,none,
2023-04-05 09:00:00,2020.506,2025.308,2020.182,2023.976,1.0,270783522,2024.106,
2023-04-05 10:00:00,2023.981,2024.079,2021.943,2023.04,0.0,none,none,
2023-04-05 11:00:00,2023.031,2023.702,2022.115,2023.37,0.0,none,none,
2023-04-05 12:00:00,2023.369,2024.82,2022.823,2024.264,0.0,none,none,
2023-04-05 13:00:00,2024.325,2026.323,2022.986,2024.425,0.0,none,none,
2023-04-05 14:00:00,2024.392,2028.401,2022.894,2025.399,0.0,none,none,
2023-04-05 15:00:00,2025.369,2028.16,2023.305,2024.011,0.0,none,none,
2023-04-05 16:00:00,2024.036,2025.178,2021.81,2024.54,0.0,none,none,
2023-04-05 17:00:00,2024.541,2025.15,2021.787,2022.291,0.0,none,none,
2023-04-05 18:00:00,2022.324,2024.502,2021.505,2022.93,0.0,none,none,
2023-04-05 19:00:00,2022.965,2032.005,2022.135,2031.503,1.0,271074130,2031.853,
2023-04-05 20:00:00,2031.501,2032.084,2021.023,2022.658,0.0,none,none,
2023-04-05 21:00:00,2022.692,2031.335,2009.831,2018.803,0.0,none,none,
2023-04-05 22:00:00,2018.833,2022.967,2015.939,2021.73,0.0,none,none,
2023-04-05 23:00:00,2021.711,2023.932,2019.656,2021.357,0.0,none,none,
2023-04-06 00:00:00,2021.323,2022.022,2019.101,2021.017,0.0,none,none,
2023-04-06 01:00:00,2021.048,2023.335,2020.662,2023.12,0.0,none,none,
2023-04-06 02:00:00,2023.155,2023.298,2020.625,2021.042,0.0,none,none,
2023-04-06 03:00:00,2021.08,2021.679,2020.143,2020.482,0.0,none,none,
2023-04-06 05:00:00,2020.746,2021.422,2018.724,2020.404,0.0,none,none,
2023-04-06 06:00:00,2020.401,2021.078,2020.14,2020.324,0.0,none,none,
2023-04-06 07:00:00,2020.307,2020.474,2017.032,2017.065,0.0,none,none,
2023-04-06 08:00:00,2017.066,2017.099,2012.551,2012.674,0.0,none,none,
2023-04-06 09:00:00,2012.678,2013.267,2007.801,2010.973,0.0,none,none,
2023-04-06 10:00:00,2010.98,2012.23,2010.117,2011.34,0.0,none,none,
2023-04-06 11:00:00,2011.333,2013.891,2010.505,2013.629,0.0,none,none,
2023-04-06 12:00:00,2013.605,2016.026,2011.983,2015.701,0.0,none,none,
2023-04-06 13:00:00,2015.708,2016.905,2011.827,2013.742,0.0,none,none,
2023-04-06 14:00:00,2013.71,2018.115,2012.684,2016.384,0.0,none,none,
2023-04-06 15:00:00,2016.379,2019.662,2014.833,2017.375,0.0,none,none,
2023-04-06 16:00:00,2017.39,2020.426,2017.149,2019.602,0.0,none,none,
2023-04-06 17:00:00,2019.59,2020.811,2017.584,2020.316,0.0,none,none,
2023-04-06 18:00:00,2020.305,2020.945,2017.1,2018.511,0.0,none,none,
2023-04-06 19:00:00,2018.475,2020.756,2011.226,2012.937,0.0,none,none,
2023-04-06 20:00:00,2012.904,2014.205,2000.723,2003.57,0.0,none,none,
2023-04-06 21:00:00,2003.637,2012.087,2001.345,2011.848,1.0,271875044,2011.963,
2023-04-06 22:00:00,2011.838,2013.013,2009.107,2011.211,0.0,none,none,
2023-04-06 23:00:00,2011.175,2014.938,2010.752,2011.691,0.0,none,none,
2023-04-07 00:00:00,2011.703,2012.505,2008.723,2009.984,0.0,none,none,
2023-04-07 01:00:00,2009.961,2011.549,2008.218,2009.213,0.0,none,none,
2023-04-07 02:00:00,2009.232,2009.432,2006.234,2006.455,0.0,none,none,0.0
2023-04-11 07:00:00,1992.393,1995.419,1992.346,1993.204,0.0,none,none,0.0
2023-04-11 11:00:00,1997.547,2000.045,1997.376,1999.771,0.0,none,none,0.0
2023-04-11 12:00:00,1999.774,2001.569,1998.712,1999.069,0.0,none,none,0.0
2023-04-11 13:00:00,1999.037,2001.869,1998.357,1999.23,0.0,none,none,0.0
2023-04-11 14:00:00,1999.196,2003.658,1997.791,2002.072,0.0,none,none,0.0
2023-04-11 15:00:00,2002.04,2007.447,2001.264,2004.591,0.0,none,none,0.0
2023-04-11 16:00:00,2004.56,2005.424,2002.523,2004.531,0.0,none,none,0.0
2023-04-11 17:00:00,2004.533,2004.965,2001.413,2004.414,0.0,none,none,0.0
2023-04-11 18:00:00,2004.383,2004.383,1999.382,2000.467,0.0,273715435,2000.456,1.0
2023-04-11 19:00:00,2000.456,2002.564,1998.202,1998.569,0.0,273746044,1998.859,1.0
2023-04-11 20:00:00,1998.601,2002.47,1995.463,2001.414,0.0,none,none,0.0
2023-04-11 21:00:00,2001.446,2004.684,1999.73,2002.475,0.0,none,none,0.0
2023-04-11 22:00:00,2002.48,2006.233,2001.617,2004.17,0.0,none,none,0.0
2023-04-11 23:00:00,2004.15,2006.598,2003.938,2006.219,0.0,none,none,0.0
2023-04-12 00:00:00,2006.199,2006.416,2000.99,2005.586,0.0,none,none,0.0
2023-04-12 01:00:00,2005.618,2005.879,2003.971,2004.513,0.0,none,none,0.0
2023-04-12 02:00:00,2004.488,2006.752,2003.465,2004.088,0.0,none,none,0.0
2023-04-12 03:00:00,2004.12,2004.639,2002.869,2003.567,0.0,none,none,0.0
2023-04-12 05:00:00,2003.258,2004.327,2003.033,2003.864,0.0,none,none,0.0
2023-04-12 06:00:00,2003.867,2005.058,2003.455,2004.696,0.0,none,none,0.0
2023-04-12 07:00:00,2004.713,2005.498,2003.999,2005.466,0.0,none,none,0.0
2023-04-12 08:00:00,2005.456,2014.927,2003.959,2014.607,1.0,274031800,2015.049,0.0
2023-04-12 09:00:00,2014.613,2019.305,2013.831,2014.939,0.0,none,none,0.0
2023-04-12 10:00:00,2014.952,2018.296,2014.168,2017.251,0.0,none,none,0.0
2023-04-12 11:00:00,2017.288,2021.109,2017.106,2020.378,0.0,none,none,0.0
2023-04-12 12:00:00,2020.404,2020.783,2017.612,2018.261,0.0,274142513,2017.985,1.0
2023-04-12 13:00:00,2018.227,2018.79,2013.538,2015.654,0.0,274191731,2015.687,1.0
2023-04-12 14:00:00,2015.657,2016.589,2011.65,2012.991,0.0,274241070,2013.02,1.0
2023-04-12 15:00:00,2013.02,2013.718,2008.984,2009.071,0.0,274288561,2009.002,1.0
2023-04-12 16:00:00,2009.067,2011.565,2008.602,2010.87,0.0,none,none,0.0
2023-04-12 17:00:00,2010.838,2011.541,2007.236,2008.851,0.0,274339831,2008.849,1.0
2023-04-12 18:00:00,2008.883,2010.281,2007.321,2007.735,0.0,none,none,0.0
2023-04-12 19:00:00,2007.701,2028.164,2006.258,2022.25,1.0,274448495,2022.66,0.0
2023-04-12 20:00:00,2022.284,2023.834,2000.982,2007.801,0.0,274509678,2007.85,1.0
2023-04-12 21:00:00,2007.832,2013.123,2003.105,2006.954,0.0,none,none,0.0
2023-04-12 22:00:00,2006.987,2009.47,2005.645,2005.817,0.0,none,none,0.0
2023-04-12 23:00:00,2005.785,2009.372,2005.246,2007.872,0.0,none,none,0.0
2023-04-13 00:00:00,2007.868,2012.604,2006.504,2011.514,1.0,274632756,2011.642,0.0
2023-04-13 01:00:00,2011.517,2016.949,2011.348,2015.796,1.0,274657142,2015.953,0.0
2023-04-13 03:00:00,2013.657,2015.102,2013.269,2014.851,0.0,none,none,0.0
2023-04-13 05:00:00,2014.468,2015.168,2014.05,2015.152,0.0,none,none,0.0
2023-04-13 06:00:00,2015.12,2018.491,2015.109,2018.186,0.0,none,none,0.0
2023-04-13 07:00:00,2018.155,2019.769,2016.564,2017.889,0.0,none,none,0.0
2023-04-13 08:00:00,2017.893,2019.211,2015.851,2017.88,0.0,none,none,0.0
2023-04-13 09:00:00,2017.85,2019.324,2016.32,2017.856,0.0,none,none,0.0
2023-04-13 10:00:00,2017.852,2017.905,2015.713,2017.461,0.0,none,none,0.0
2023-04-13 11:00:00,2017.452,2019.338,2017.408,2018.482,0.0,none,none,0.0
2023-04-13 12:00:00,2018.497,2019.159,2015.359,2015.402,0.0,274790183,2015.34,1.0
2023-04-13 13:00:00,2015.371,2023.19,2015.314,2020.435,1.0,274825775,2020.757,0.0
2023-04-13 14:00:00,2020.466,2025.656,2020.466,2024.515,1.0,274856282,2024.663,0.0
2023-04-13 15:00:00,2024.538,2029.173,2024.452,2026.604,0.0,none,none,0.0
2023-04-13 16:00:00,2026.592,2028.617,2025.762,2026.57,0.0,none,none,0.0
2023-04-13 17:00:00,2026.601,2027.959,2024.992,2026.673,0.0,none,none,0.0
2023-04-13 18:00:00,2026.666,2028.652,2025.437,2028.611,0.0,none,none,0.0
2023-04-13 19:00:00,2028.602,2045.688,2026.378,2044.984,1.0,275064190,2044.842,0.0
2023-04-13 20:00:00,2045.05,2047.05,2039.694,2046.52,0.0,none,none,0.0
2023-04-13 21:00:00,2046.55,2048.672,2033.55,2034.214,0.0,275190804,2034.148,1.0
2023-04-13 22:00:00,2034.179,2042.396,2034.02,2038.938,1.0,275236610,2039.069,0.0
2023-04-13 23:00:00,2038.976,2040.59,2037.289,2040.17,0.0,none,none,0.0
2023-04-14 00:00:00,2040.201,2044.116,2039.179,2043.793,1.0,275308211,2043.94,0.0
2023-04-14 01:00:00,2043.782,2044.011,2037.515,2038.324,0.0,275337486,2038.496,1.0
2023-04-14 02:00:00,2038.322,2040.903,2036.637,2040.629,0.0,none,none,0.0
2023-04-14 03:00:00,2040.576,2041.087,2039.872,2040.525,0.0,none,none,0.0
2023-04-14 05:00:00,2040.561,2040.767,2040.024,2040.12,0.0,none,none,0.0
2023-04-14 06:00:00,2040.121,2040.192,2038.709,2039.751,0.0,none,none,0.0
2023-04-14 07:00:00,2039.75,2043.682,2038.631,2041.909,0.0,none,none,0.0
2023-04-14 08:00:00,2041.878,2046.013,2041.153,2045.934,1.0,275473135,2046.004,0.0
2023-04-14 09:00:00,2045.909,2047.429,2044.89,2046.129,0.0,none,none,0.0
2023-04-14 10:00:00,2046.102,2046.102,2042.866,2045.059,0.0,none,none,0.0
2023-04-14 11:00:00,2045.058,2046.499,2042.452,2043.253,0.0,275561616,2043.385,1.0
2023-04-14 12:00:00,2043.25,2043.712,2039.584,2042.807,0.0,none,none,0.0
2023-04-14 13:00:00,2042.838,2044.294,2040.67,2041.3,0.0,none,none,0.0
2023-04-14 14:00:00,2041.32,2041.329,2036.634,2039.233,0.0,275675991,2039.198,1.0
2023-04-14 15:00:00,2039.229,2039.346,2031.736,2035.788,0.0,275725380,2035.758,1.0
2023-04-14 16:00:00,2035.758,2038.763,2034.522,2038.632,0.0,none,none,0.0
2023-04-14 17:00:00,2038.664,2042.21,2037.711,2038.272,0.0,none,none,0.0
2023-04-14 18:00:00,2038.273,2038.275,2032.27,2033.261,0.0,275823277,2033.317,1.0
2023-04-14 19:00:00,2033.286,2040.12,2017.236,2024.67,0.0,275895587,2024.424,1.0
2023-04-14 20:00:00,2024.638,2028.079,2019.921,2023.506,0.0,none,none,0.0
2023-04-14 21:00:00,2023.278,2023.278,1997.766,1998.471,0.0,276018649,1998.539,1.0
2023-04-14 22:00:00,1998.502,2000.823,1993.639,1995.662,0.0,276072448,1995.755,1.0
2023-04-14 23:00:00,1995.66,1999.656,1992.401,1999.557,1.0,276110554,1999.694,0.0
2023-04-15 00:00:00,1999.569,2004.139,1998.596,2003.898,1.0,276131851,2004.088,0.0
2023-04-15 01:00:00,2003.929,2006.847,2003.371,2006.345,0.0,none,none,0.0
2023-04-15 02:00:00,2006.376,2007.991,2004.981,2005.317,0.0,none,none,0.0
2023-04-15 03:00:00,2005.301,2005.652,2003.873,2004.29,0.0,none,none,0.0
2023-04-17 05:00:00,2001.244,2005.044,1999.688,2001.207,0.0,none,none,0.0
2023-04-17 06:00:00,2001.226,2004.934,2001.226,2002.885,0.0,none,none,0.0
2023-04-17 07:00:00,2002.904,2004.679,2001.486,2002.13,0.0,none,none,0.0
2023-04-17 08:00:00,2002.16,2004.985,1995.264,2003.218,0.0,none,none,0.0
2023-04-17 09:00:00,2003.187,2006.311,2003.155,2004.079,0.0,none,none,0.0
2023-04-17 10:00:00,2004.051,2005.16,2004.017,2004.543,0.0,none,none,0.0
2023-04-17 11:00:00,2004.517,2006.042,2003.747,2004.381,0.0,none,none,0.0
2023-04-17 13:00:00,2011.331,2013.511,2010.563,2011.407,0.0,none,none,0.0
2023-04-17 14:00:00,2011.396,2015.035,2010.122,2010.82,0.0,none,none,0.0
2023-04-17 15:00:00,2010.777,2012.711,2008.306,2009.901,0.0,none,none,0.0
2023-04-17 16:00:00,2009.898,2012.07,2009.757,2010.4,0.0,none,none,0.0
2023-04-17 18:00:00,2007.582,2010.17,2004.907,2009.111,0.0,none,none,0.0
2023-04-17 23:00:00,1989.96,1992.121,1987.281,1991.516,0.0,none,none,0.0
2023-04-18 01:00:00,1995.265,1997.115,1994.085,1995.551,0.0,none,none,0.0
2023-04-18 02:00:00,1995.575,1996.681,1994.583,1996.271,0.0,none,none,0.0
2023-04-18 03:00:00,1996.303,1996.473,1994.498,1994.952,0.0,none,none,0.0
2023-04-18 05:00:00,1995.063,1995.063,1993.999,1994.608,0.0,none,none,0.0
,,,,,,,,
2023-04-18 06:00:00,1994.626,1995.328,1993.834,1993.943,0.0,none,none,0.0
2023-04-18 07:00:00,1993.952,1996.114,1993.344,1995.175,0.0,none,none,0.0
2023-04-18 08:45:00,1998.723,1999.111,1998.496,1998.831,0.0,none,none,0.0
2023-04-18 08:50:00,1998.798,1999.36,1998.523,1999.27,0.0,none,none,0.0
2023-04-18 08:55:00,1999.28,1999.307,1997.326,1997.644,0.0,none,none,0.0
2023-04-18 09:00:00,1997.663,1998.376,1996.157,1996.332,0.0,none,none,0.0
2023-04-18 09:05:00,1996.298,1997.496,1996.2,1997.443,0.0,none,none,0.0
2023-04-18 09:10:00,1997.412,1997.579,1997.068,1997.539,0.0,none,none,0.0
2023-04-18 09:15:00,1997.507,1998.235,1997.465,1998.062,0.0,none,none,0.0
2023-04-18 09:20:00,1998.093,1998.311,1997.815,1997.984,0.0,none,none,0.0
2023-04-18 09:25:00,1997.949,1998.337,1997.727,1997.875,0.0,none,none,0.0
2023-04-18 09:30:00,1997.845,1997.845,1997.013,1997.547,0.0,none,none,0.0
2023-04-18 09:35:00,1997.516,1997.825,1997.133,1997.806,0.0,none,none,0.0
2023-04-18 09:40:00,1997.811,1998.681,1997.718,1998.646,0.0,none,none,0.0
2023-04-18 09:45:00,1998.626,1998.774,1998.313,1998.639,0.0,none,none,0.0
2023-04-18 09:50:00,1998.622,2000.257,1998.199,1999.568,0.0,none,none,0.0
2023-04-18 09:55:00,1999.537,2000.871,1999.366,2000.409,0.0,none,none,0.0
2023-04-18 10:00:00,2000.377,2001.3,1999.855,2001.202,0.0,none,none,0.0
2023-04-18 10:05:00,2001.22,2001.22,2000.603,2001.056,0.0,none,none,0.0
2023-04-18 10:10:00,2001.053,2001.787,2000.583,2000.705,0.0,none,none,0.0
2023-04-18 10:15:00,2000.697,2000.97,2000.258,2000.433,0.0,none,none,0.0
2023-04-18 10:20:00,2000.435,2000.435,1999.645,2000.081,0.0,none,none,0.0
2023-04-18 10:25:00,2000.102,2001.412,1999.424,2001.135,0.0,none,none,0.0
2023-04-18 10:30:00,2001.1,2001.762,2000.357,2000.363,0.0,none,none,0.0
2023-04-18 10:35:00,2000.364,2000.515,2000.032,2000.081,0.0,none,none,0.0
2023-04-18 10:40:00,2000.05,2000.192,1999.673,1999.786,0.0,none,none,0.0
2023-04-18 10:45:00,1999.784,2000.231,1999.506,1999.882,0.0,none,none,0.0
2023-04-18 10:50:00,1999.891,2000.16,1999.821,2000.05,0.0,none,none,0.0
2023-04-18 10:55:00,2000.081,2000.252,1999.829,2000.248,0.0,none,none,0.0
2023-04-18 11:00:00,2000.285,2000.459,1999.748,1999.749,0.0,none,none,0.0
2023-04-18 11:05:00,1999.768,1999.803,1999.253,1999.545,0.0,none,none,0.0
2023-04-18 11:10:00,1999.559,2000.11,1999.306,2000.107,0.0,none,none,0.0
2023-04-18 11:15:00,2000.1,2000.131,1999.353,1999.366,0.0,none,none,0.0
2023-04-18 11:20:00,1999.36,1999.581,1999.243,1999.352,0.0,none,none,0.0
2023-04-18 11:25:00,1999.355,1999.562,1999.25,1999.457,0.0,none,none,0.0
2023-04-18 11:30:00,1999.453,1999.661,1999.219,1999.567,0.0,none,none,0.0
2023-04-18 11:35:00,1999.571,1999.754,1999.367,1999.663,0.0,none,none,0.0
2023-04-18 11:40:00,1999.631,1999.631,1998.855,1999.183,0.0,none,none,0.0
2023-04-18 11:45:00,1999.181,1999.479,1999.01,1999.214,0.0,none,none,0.0
2023-04-18 11:50:00,1999.196,1999.386,1998.595,1998.606,0.0,none,none,0.0
2023-04-18 11:55:00,1998.595,1999.383,1998.281,1998.412,0.0,none,none,0.0
2023-04-18 12:00:00,1998.402,1999.213,1998.346,1999.123,0.0,none,none,0.0
2023-04-18 12:05:00,1999.13,1999.13,1998.172,1998.176,0.0,none,none,0.0
2023-04-18 12:10:00,1998.179,1998.335,1996.364,1996.501,0.0,none,none,0.0
2023-04-18 12:15:00,1996.464,1998.385,1996.46,1998.38,0.0,none,none,0.0
2023-04-18 12:20:00,1998.401,1999.084,1998.343,1999.084,0.0,none,none,0.0
2023-04-18 12:25:00,1999.106,1999.229,1998.879,1999.229,0.0,none,none,0.0
2023-04-18 12:30:00,1999.232,2000.483,1998.942,2000.272,0.0,none,none,0.0
2023-04-18 12:35:00,2000.258,2001.538,1999.971,2001.538,0.0,none,none,0.0
2023-04-18 12:40:00,2001.557,2001.785,2000.808,2000.808,0.0,none,none,0.0
2023-04-18 12:45:00,2000.803,2000.813,2000.012,2000.348,0.0,none,none,0.0
2023-04-18 12:50:00,2000.346,2001.036,1999.629,2000.974,0.0,none,none,0.0
2023-04-18 12:55:00,2000.987,2001.43,2000.574,2000.574,0.0,none,none,0.0
2023-04-18 13:00:00,2000.587,2000.958,2000.114,2000.719,0.0,none,none,0.0
2023-04-18 13:05:00,2000.707,2001.004,1999.763,2000.419,0.0,none,none,0.0
2023-04-18 13:10:00,2000.424,2000.637,2000.033,2000.04,0.0,none,none,0.0
2023-04-18 13:15:00,2000.052,2000.166,1999.013,1999.11,0.0,none,none,0.0
2023-04-18 13:20:00,1999.079,1999.224,1998.292,1998.58,0.0,none,none,0.0
2023-04-18 13:25:00,1998.584,1999.225,1998.56,1998.579,0.0,none,none,0.0
2023-04-18 13:30:00,1998.578,1998.841,1998.082,1998.375,0.0,none,none,0.0
2023-04-18 13:35:00,1998.368,1999.78,1998.187,1999.646,0.0,none,none,0.0
2023-04-18 13:40:00,1999.642,2000.483,1999.363,1999.807,0.0,none,none,0.0
2023-04-18 13:45:00,1999.775,1999.775,1998.644,1999.514,0.0,none,none,0.0
2023-04-18 13:50:00,1999.517,2001.14,1999.41,2000.808,0.0,none,none,0.0
2023-04-18 13:55:00,2000.835,2000.867,1999.752,1999.773,0.0,none,none,0.0
2023-04-18 14:00:00,1999.805,2000.021,1998.564,1999.798,0.0,none,none,0.0
2023-04-18 14:05:00,1999.767,1999.872,1998.976,1999.011,0.0,none,none,0.0
2023-04-18 14:10:00,1999.028,2000.368,1998.827,2000.115,0.0,none,none,0.0
2023-04-18 14:15:00,2000.154,2000.817,1999.851,2000.78,0.0,none,none,0.0
2023-04-18 14:20:00,2000.788,2001.747,2000.589,2001.228,0.0,none,none,0.0
2023-04-18 14:25:00,2001.196,2002.907,2000.251,2002.036,0.0,none,none,0.0
2023-04-18 14:30:00,2002.063,2002.486,2001.382,2002.242,0.0,none,none,0.0
2023-04-18 14:35:00,2002.236,2004.109,2002.206,2003.364,0.0,none,none,0.0
2023-04-18 14:40:00,2003.372,2003.696,2002.537,2002.833,0.0,none,none,0.0
2023-04-18 14:45:00,2002.8,2002.974,2001.953,2002.123,0.0,none,none,0.0
2023-04-18 14:50:00,2002.14,2003.453,2001.23,2001.413,0.0,none,none,0.0
2023-04-18 14:55:00,2001.415,2002.421,2001.415,2002.317,0.0,none,none,0.0
2023-04-18 15:00:00,2002.322,2003.156,2002.207,2002.698,0.0,none,none,0.0
2023-04-18 15:05:00,2002.685,2005.057,2002.386,2005.052,0.0,none,none,0.0
2023-04-18 15:10:00,2005.018,2005.152,2004.019,2004.434,0.0,none,none,0.0
2023-04-18 15:15:00,2004.466,2004.735,2003.646,2003.665,0.0,none,none,0.0
2023-04-18 15:20:00,2003.642,2004.248,2002.633,2002.894,0.0,none,none,0.0
2023-04-18 15:25:00,2002.903,2003.314,2001.903,2001.997,0.0,none,none,0.0
2023-04-18 15:30:00,2002.002,2003.176,2001.987,2002.579,0.0,none,none,0.0
2023-04-18 15:35:00,2002.616,2003.351,2002.348,2003.342,0.0,none,none,0.0
2023-04-18 15:40:00,2003.344,2003.474,2002.136,2002.384,0.0,none,none,0.0
2023-04-18 15:45:00,2002.354,2003.479,2002.322,2003.029,0.0,none,none,0.0
2023-04-18 15:50:00,2003.058,2003.268,2002.741,2002.943,0.0,none,none,0.0
2023-04-18 15:55:00,2002.942,2003.394,2002.68,2003.2,0.0,none,none,0.0
2023-04-18 16:00:00,2003.197,2003.872,2002.866,2003.465,0.0,none,none,0.0
2023-04-18 16:05:00,2003.454,2003.784,2002.531,2002.536,0.0,none,none,0.0
2023-04-18 16:10:00,2002.519,2003.585,2002.467,2003.483,0.0,none,none,0.0
2023-04-18 16:15:00,2003.453,2003.94,2003.182,2003.666,0.0,none,none,0.0
2023-04-18 16:20:00,2003.668,2004.109,2003.096,2003.402,0.0,none,none,0.0
2023-04-18 16:25:00,2003.428,2003.428,1999.912,2000.059,0.0,none,none,0.0
2023-04-18 16:30:00,2000.053,2001.027,1999.176,2000.839,0.0,none,none,0.0
2023-04-18 16:35:00,2000.869,2001.748,2000.71,2000.834,0.0,none,none,0.0
2023-04-18 16:40:00,2000.839,2000.929,1999.857,2000.002,0.0,none,none,0.0
2023-04-18 16:45:00,2000.017,2000.139,1999.084,1999.865,0.0,none,none,0.0
2023-04-18 16:50:00,1999.833,2001.124,1999.803,2000.696,0.0,none,none,0.0
2023-04-18 16:55:00,2000.709,2001.416,2000.359,2001.198,0.0,none,none,0.0
2023-04-18 17:00:00,2001.176,2001.176,2000.127,2000.168,0.0,none,none,0.0
2023-04-18 17:05:00,2000.172,2000.344,1999.687,2000.022,0.0,none,none,0.0
2023-04-18 17:10:00,2000.055,2000.726,1999.901,2000.51,0.0,none,none,0.0
2023-04-18 17:15:00,2000.519,2003.483,2000.444,2003.4,0.0,none,none,0.0
2023-04-18 17:20:00,2003.368,2003.457,2001.922,2001.929,0.0,none,none,0.0
2023-04-18 17:25:00,2001.924,2003.079,2001.83,2002.752,0.0,none,none,0.0
2023-04-18 17:30:00,2002.766,2004.105,2002.658,2003.709,0.0,none,none,0.0
2023-04-18 17:35:00,2003.704,2004.144,2003.133,2003.706,0.0,none,none,0.0
2023-04-18 17:40:00,2003.717,2004.689,2003.717,2004.169,0.0,none,none,0.0
2023-04-18 17:45:00,2004.153,2004.637,2004.058,2004.529,0.0,none,none,0.0
2023-04-18 17:50:00,2004.495,2004.778,2004.23,2004.46,0.0,none,none,0.0
2023-04-18 17:55:00,2004.462,2004.574,2003.157,2003.48,0.0,none,none,0.0
2023-04-18 18:00:00,2003.514,2003.882,2003.38,2003.546,0.0,none,none,0.0
2023-04-18 18:05:00,2003.556,2003.831,2002.982,2003.229,0.0,none,none,0.0
2023-04-18 18:10:00,2003.262,2004.163,2003.262,2004.1,0.0,none,none,0.0
2023-04-18 18:15:00,2004.097,2004.637,2003.69,2003.725,0.0,none,none,0.0
2023-04-18 18:20:00,2003.755,2004.177,2003.349,2004.177,0.0,none,none,0.0
2023-04-18 18:25:00,2004.183,2004.659,2003.512,2004.064,0.0,none,none,0.0
2023-04-18 18:30:00,2004.068,2004.959,2003.81,2004.815,0.0,none,none,0.0
2023-04-18 18:35:00,2004.81,2004.897,2003.946,2004.044,0.0,none,none,0.0
2023-04-18 20:50:00,1998.027,2000.87,1997.915,1998.689,0.0,none,none,0.0
2023-04-18 20:55:00,1998.658,1999.24,1997.042,1999.096,0.0,none,none,0.0
2023-04-18 21:00:00,1999.127,2000.268,1999.01,1999.917,0.0,none,none,0.0
2023-04-18 21:10:00,2009.271,2010.465,2006.892,2008.403,0.0,none,none,0.0
2023-04-18 21:15:00,2008.434,2008.923,2006.553,2006.752,0.0,none,none,0.0
2023-04-18 21:20:00,2006.793,2008.167,2006.096,2007.134,0.0,none,none,0.0
2023-04-18 21:25:00,2007.122,2009.016,2006.764,2007.597,0.0,none,none,0.0
2023-04-18 21:30:00,2007.565,2009.207,2006.819,2007.726,0.0,none,none,0.0
2023-04-18 21:35:00,2007.743,2008.958,2007.294,2008.889,0.0,none,none,0.0
2023-04-18 21:40:00,2008.895,2010.309,2007.91,2008.887,0.0,none,none,0.0
2023-04-18 21:45:00,2008.919,2009.715,2008.411,2008.89,0.0,none,none,0.0
2023-04-18 21:50:00,2008.858,2010.5,2008.298,2010.37,0.0,none,none,0.0
2023-04-18 21:55:00,2010.401,2010.493,2009.02,2009.201,0.0,none,none,0.0
2023-04-18 22:00:00,2009.171,2009.335,2007.272,2008.56,0.0,none,none,0.0
2023-04-18 22:05:00,2008.528,2008.889,2008.185,2008.502,0.0,none,none,0.0
2023-04-18 22:10:00,2008.533,2008.923,2007.123,2008.243,0.0,none,none,0.0
2023-04-18 22:15:00,2008.273,2009.248,2008.032,2008.767,0.0,none,none,0.0
2023-04-18 22:20:00,2008.771,2011.031,2008.607,2010.675,0.0,none,none,0.0
2023-04-18 22:25:00,2010.644,2010.775,2009.836,2010.316,0.0,none,none,0.0
2023-04-18 22:30:00,2010.347,2011.861,2009.941,2011.339,0.0,none,none,0.0
2023-04-18 22:35:00,2011.338,2011.338,2007.351,2008.755,0.0,none,none,0.0
2023-04-18 22:40:00,2008.788,2009.336,2007.658,2008.307,0.0,none,none,0.0
2023-04-18 22:45:00,2008.284,2009.273,2007.802,2008.721,0.0,none,none,0.0
2023-04-18 22:50:00,2008.751,2009.482,2008.267,2009.363,0.0,none,none,0.0
2023-04-18 22:55:00,2009.332,2009.814,2008.198,2008.429,0.0,none,none,0.0
2023-04-18 23:00:00,2008.459,2008.533,2007.091,2007.606,0.0,none,none,0.0
2023-04-18 23:05:00,2007.596,2008.501,2007.276,2008.194,0.0,none,none,0.0
2023-04-18 23:10:00,2008.206,2008.486,2006.701,2007.076,0.0,none,none,0.0
2023-04-18 23:15:00,2007.068,2007.474,2006.084,2006.7,0.0,none,none,0.0
2023-04-18 23:20:00,2006.73,2007.267,2006.274,2006.665,0.0,none,none,0.0
2023-04-18 23:25:00,2006.662,2006.872,2006.167,2006.313,0.0,none,none,0.0
2023-04-18 23:30:00,2006.343,2007.311,2006.304,2006.61,0.0,none,none,0.0
2023-04-18 23:35:00,2006.643,2006.711,2005.822,2005.923,0.0,none,none,0.0
2023-04-18 23:40:00,2005.953,2006.412,2005.206,2005.657,0.0,none,none,0.0
2023-04-18 23:45:00,2005.636,2006.334,2005.307,2006.231,0.0,none,none,0.0
2023-04-18 23:50:00,2006.2,2006.2,2005.127,2005.28,0.0,none,none,0.0
2023-04-18 23:55:00,2005.276,2007.215,2005.276,2007.148,0.0,none,none,0.0
2023-04-19 00:00:00,2007.176,2007.742,2006.806,2007.52,0.0,none,none,0.0
2023-04-19 00:05:00,2007.547,2007.819,2007.009,2007.433,0.0,none,none,0.0
2023-04-19 00:10:00,2007.4,2007.424,2006.793,2006.973,0.0,none,none,0.0
2023-04-19 00:15:00,2006.96,2008.244,2006.781,2008.244,0.0,none,none,0.0
2023-04-19 00:20:00,2008.247,2008.247,2007.521,2007.815,0.0,none,none,0.0
2023-04-19 00:25:00,2007.819,2007.819,2006.786,2007.189,0.0,none,none,0.0
2023-04-19 00:30:00,2007.181,2007.181,2005.647,2005.647,0.0,none,none,0.0
2023-04-19 00:35:00,2005.615,2006.355,2005.186,2005.809,0.0,none,none,0.0
2023-04-19 00:40:00,2005.806,2005.806,2005.118,2005.317,0.0,none,none,0.0
2023-04-19 00:45:00,2005.314,2005.33,2003.929,2004.614,0.0,none,none,0.0
2023-04-19 00:50:00,2004.644,2004.716,2003.901,2004.54,0.0,none,none,0.0
2023-04-19 00:55:00,2004.548,2004.855,2003.914,2004.033,0.0,none,none,0.0
2023-04-19 01:00:00,2004.067,2004.286,2003.572,2003.604,0.0,none,none,0.0
2023-04-19 01:05:00,2003.592,2004.609,2003.386,2004.609,0.0,none,none,0.0
2023-04-19 01:10:00,2004.615,2004.778,2004.221,2004.555,0.0,none,none,0.0
2023-04-19 01:15:00,2004.528,2004.825,2003.966,2004.59,0.0,none,none,0.0
2023-04-19 01:20:00,2004.585,2004.683,2003.883,2004.578,0.0,none,none,0.0
2023-04-19 01:25:00,2004.575,2004.975,2004.289,2004.972,0.0,none,none,0.0
2023-04-19 01:30:00,2004.935,2004.935,2004.385,2004.883,0.0,none,none,0.0
2023-04-19 01:35:00,2004.885,2004.885,2004.29,2004.406,0.0,none,none,0.0
2023-04-19 01:40:00,2004.431,2004.638,2004.136,2004.188,0.0,none,none,0.0
2023-04-19 01:45:00,2004.189,2004.285,2003.862,2004.269,0.0,none,none,0.0
2023-04-19 01:50:00,2004.263,2004.37,2003.874,2004.062,0.0,none,none,0.0
2023-04-19 01:55:00,2004.058,2005.593,2003.897,2005.291,0.0,none,none,0.0
2023-04-19 02:00:00,2005.321,2005.387,2004.685,2005.134,0.0,none,none,0.0
2023-04-19 02:05:00,2005.136,2006.006,2005.031,2005.943,0.0,none,none,0.0
2023-04-19 02:10:00,2005.913,2005.927,2005.409,2005.548,0.0,none,none,0.0
2023-04-19 02:15:00,2005.546,2005.854,2005.522,2005.68,0.0,none,none,0.0
2023-04-19 02:20:00,2005.688,2006.165,2005.68,2005.868,0.0,none,none,0.0
2023-04-19 02:25:00,2005.899,2006.02,2005.629,2005.877,0.0,none,none,0.0
2023-04-19 02:30:00,2005.844,2005.9,2005.269,2005.331,0.0,none,none,0.0
2023-04-19 02:35:00,2005.363,2005.683,2005.162,2005.363,0.0,none,none,0.0
2023-04-19 02:40:00,2005.369,2005.412,2004.454,2004.5,0.0,none,none,0.0
2023-04-19 02:45:00,2004.536,2004.984,2004.491,2004.619,0.0,none,none,0.0
2023-04-19 02:50:00,2004.612,2004.97,2004.08,2004.08,0.0,none,none,0.0
2023-04-19 02:55:00,2004.111,2004.364,2003.803,2004.07,0.0,none,none,0.0
2023-04-19 03:00:00,2004.1,2004.729,2004.1,2004.493,0.0,none,none,0.0
2023-04-19 03:05:00,2004.491,2005.215,2004.397,2005.187,0.0,none,none,0.0
2023-04-19 03:10:00,2005.194,2005.194,2004.694,2004.763,0.0,none,none,0.0
2023-04-19 03:15:00,2004.765,2005.043,2004.696,2005.015,0.0,none,none,0.0
2023-04-19 03:20:00,2005.016,2005.279,2005.016,2005.279,0.0,none,none,0.0
2023-04-19 03:25:00,2005.294,2005.453,2005.245,2005.359,0.0,none,none,0.0
2023-04-19 03:30:00,2005.356,2005.356,2004.84,2004.85,0.0,none,none,0.0
2023-04-19 03:35:00,2004.852,2005.049,2004.653,2005.039,0.0,none,none,0.0
2023-04-19 03:40:00,2005.037,2005.081,2004.737,2004.873,0.0,none,none,0.0
2023-04-19 03:45:00,2004.875,2005.138,2004.746,2004.8,0.0,none,none,0.0
2023-04-19 03:50:00,2004.796,2004.857,2004.667,2004.745,0.0,none,none,0.0
2023-04-19 03:55:00,2004.7,2005.192,2004.636,2005.011,0.0,none,none,0.0
2023-04-19 05:00:00,2005.071,2005.244,2005.071,2005.218,0.0,none,none,0.0
2023-04-19 05:05:00,2005.22,2005.321,2004.96,2004.987,0.0,none,none,0.0
2023-04-19 05:10:00,2004.972,2005.874,2004.96,2005.808,0.0,none,none,0.0
2023-04-19 05:15:00,2005.772,2005.828,2005.275,2005.416,0.0,none,none,0.0
2023-04-19 05:20:00,2005.417,2005.617,2005.051,2005.166,0.0,none,none,0.0
2023-04-19 05:25:00,2005.168,2005.168,2004.741,2004.921,0.0,none,none,0.0
2023-04-19 05:30:00,2004.928,2004.978,2004.571,2004.581,0.0,none,none,0.0
2023-04-19 05:35:00,2004.608,2005.097,2004.605,2005.092,0.0,none,none,0.0
2023-04-19 05:40:00,2005.093,2005.584,2005.078,2005.573,0.0,none,none,0.0
2023-04-19 05:45:00,2005.575,2005.934,2005.462,2005.72,0.0,none,none,0.0
2023-04-19 05:50:00,2005.723,2005.771,2005.299,2005.3,0.0,none,none,0.0
2023-04-19 05:55:00,2005.293,2005.493,2005.293,2005.488,0.0,none,none,0.0
2023-04-19 06:00:00,2005.491,2005.658,2004.8,2005.288,0.0,none,none,0.0
2023-04-19 06:05:00,2005.289,2005.53,2005.208,2005.321,0.0,none,none,0.0
2023-04-19 06:10:00,2005.302,2005.535,2005.272,2005.372,0.0,none,none,0.0
2023-04-19 06:15:00,2005.346,2005.56,2005.231,2005.476,0.0,none,none,0.0
2023-04-19 06:20:00,2005.473,2005.634,2005.444,2005.548,0.0,none,none,0.0
2023-04-19 06:25:00,2005.546,2005.546,2005.267,2005.36,0.0,none,none,0.0
2023-04-19 06:30:00,2005.376,2005.506,2005.206,2005.387,0.0,none,none,0.0
2023-04-19 06:35:00,2005.379,2005.457,2005.157,2005.367,0.0,none,none,0.0
2023-04-19 06:40:00,2005.399,2005.641,2005.399,2005.465,0.0,none,none,0.0
2023-04-19 06:45:00,2005.467,2005.467,2004.882,2005.072,0.0,none,none,0.0
2023-04-19 06:50:00,2005.061,2006.273,2005.061,2005.561,0.0,none,none,0.0
2023-04-19 06:55:00,2005.527,2006.262,2005.462,2005.755,0.0,none,none,0.0
2023-04-19 07:00:00,2005.757,2006.488,2005.757,2005.785,0.0,none,none,0.0
2023-04-19 07:05:00,2005.784,2006.566,2005.784,2006.384,0.0,none,none,0.0
2023-04-19 07:10:00,2006.369,2006.778,2006.176,2006.475,0.0,none,none,0.0
2023-04-19 07:15:00,2006.499,2006.53,2006.087,2006.209,0.0,none,none,0.0
2023-04-19 07:20:00,2006.197,2006.724,2005.684,2005.837,0.0,none,none,0.0
2023-04-19 07:25:00,2005.871,2006.012,2004.97,2005.297,0.0,none,none,0.0
2023-04-19 07:30:00,2005.328,2005.712,2005.02,2005.119,0.0,none,none,0.0
2023-04-19 07:35:00,2005.113,2005.38,2004.818,2005.318,0.0,none,none,0.0
2023-04-19 07:40:00,2005.315,2005.845,2005.252,2005.845,0.0,none,none,0.0
2023-04-19 07:45:00,2005.841,2006.098,2005.663,2005.965,0.0,none,none,0.0
2023-04-19 07:50:00,2005.933,2006.421,2005.768,2006.218,0.0,none,none,0.0
2023-04-19 07:55:00,2006.187,2007.453,2006.0,2007.365,0.0,none,none,0.0
2023-04-19 08:00:00,2007.344,2008.152,2006.378,2006.991,0.0,none,none,0.0
2023-04-19 08:05:00,2006.985,2007.426,2006.343,2006.9,0.0,none,none,0.0
2023-04-19 08:10:00,2006.897,2007.294,2005.524,2005.622,0.0,none,none,0.0
2023-04-19 08:15:00,2005.642,2005.728,2004.711,2005.677,0.0,none,none,0.0
2023-04-19 08:20:00,2005.673,2005.673,2002.708,2004.176,0.0,none,none,0.0
2023-04-19 08:25:00,2004.145,2004.793,2003.938,2004.415,0.0,none,none,0.0
2023-04-19 08:30:00,2004.388,2004.613,2003.121,2003.725,0.0,none,none,0.0
2023-04-19 08:35:00,2003.715,2004.689,2003.516,2003.948,0.0,none,none,0.0
2023-04-19 08:40:00,2003.933,2003.989,2002.872,2003.78,0.0,none,none,0.0
2023-04-19 08:45:00,2003.803,2005.393,2003.621,2003.621,0.0,none,none,0.0
2023-04-19 08:50:00,2003.603,2004.123,2002.911,2003.26,0.0,none,none,0.0
2023-04-19 08:55:00,2003.278,2003.987,2003.236,2003.43,0.0,none,none,0.0
2023-04-19 09:00:00,2003.46,2003.491,2001.936,2002.378,0.0,none,none,0.0
2023-04-19 09:05:00,2002.411,2003.79,2002.245,2003.468,0.0,none,none,0.0
2023-04-19 09:10:00,2003.448,2004.045,2003.351,2003.626,0.0,none,none,0.0
2023-04-19 09:15:00,2003.631,2004.319,2003.534,2004.142,0.0,none,none,0.0
2023-04-19 09:20:00,2004.146,2004.657,2003.808,2004.18,0.0,none,none,0.0
2023-04-19 09:25:00,2004.168,2005.26,2004.163,2004.691,0.0,none,none,0.0
2023-04-19 09:30:00,2004.694,2005.48,2004.607,2005.245,0.0,none,none,0.0
2023-04-19 09:35:00,2005.213,2006.876,2004.699,2006.643,0.0,none,none,0.0
2023-04-19 09:40:00,2006.613,2006.888,2003.725,2003.725,0.0,none,none,0.0
2023-04-19 09:45:00,2003.758,2004.194,2003.243,2003.873,0.0,none,none,0.0
2023-04-19 09:50:00,2003.874,2003.96,2003.532,2003.64,0.0,none,none,0.0
2023-04-19 09:55:00,2003.646,2004.486,2003.646,2004.189,0.0,none,none,0.0
2023-04-19 10:00:00,2004.172,2004.463,2003.806,2004.15,0.0,none,none,0.0
2023-04-19 10:05:00,2004.149,2004.258,2003.955,2004.072,0.0,none,none,0.0
2023-04-19 10:10:00,2004.059,2004.342,2003.823,2003.928,0.0,none,none,0.0
2023-04-19 10:15:00,2003.932,2004.161,2003.718,2003.804,0.0,none,none,0.0
2023-04-19 10:20:00,2003.827,2004.769,2003.827,2004.643,0.0,none,none,0.0
2023-04-19 10:25:00,2004.647,2004.708,2004.022,2004.431,0.0,none,none,0.0
2023-04-19 10:30:00,2004.436,2004.766,2004.307,2004.416,0.0,none,none,0.0
2023-04-19 10:35:00,2004.414,2004.414,2002.175,2003.238,0.0,none,none,0.0
2023-04-19 10:40:00,2003.232,2003.646,2002.921,2003.098,0.0,none,none,0.0
2023-04-19 10:45:00,2003.093,2003.097,2002.64,2002.944,0.0,none,none,0.0
2023-04-19 10:50:00,2002.949,2003.101,2002.471,2002.883,0.0,none,none,0.0
2023-04-19 10:55:00,2002.884,2003.518,2002.758,2003.397,0.0,none,none,0.0
2023-04-19 11:00:00,2003.431,2003.76,2002.907,2003.334,0.0,none,none,0.0
2023-04-19 11:05:00,2003.322,2003.8,2003.278,2003.578,0.0,none,none,0.0
2023-04-19 11:10:00,2003.581,2003.587,2003.073,2003.237,0.0,none,none,0.0
2023-04-19 11:15:00,2003.241,2003.375,2002.946,2003.304,0.0,none,none,0.0
2023-04-19 11:20:00,2003.303,2003.304,2002.944,2002.984,0.0,none,none,0.0
2023-04-19 11:25:00,2003.003,2003.281,2002.959,2003.173,0.0,none,none,0.0
2023-04-19 11:30:00,2003.174,2003.398,2002.945,2002.972,0.0,none,none,0.0
2023-04-19 11:35:00,2002.945,2003.072,2002.587,2003.064,0.0,none,none,0.0
2023-04-19 11:40:00,2003.066,2003.639,2002.808,2003.425,0.0,none,none,0.0
2023-04-19 11:45:00,2003.395,2003.453,2002.62,2002.75,0.0,none,none,0.0
2023-04-19 11:50:00,2002.741,2004.442,2002.638,2003.554,0.0,none,none,0.0
2023-04-19 11:55:00,2003.549,2004.394,2003.221,2003.909,0.0,none,none,0.0
2023-04-19 12:00:00,2003.928,2004.055,2003.395,2003.775,0.0,none,none,0.0
2023-04-19 12:05:00,2003.741,2003.788,2003.402,2003.665,0.0,none,none,0.0
2023-04-19 12:10:00,2003.63,2003.845,2003.428,2003.845,0.0,none,none,0.0
2023-04-19 12:15:00,2003.842,2004.037,2003.63,2003.814,0.0,none,none,0.0
2023-04-19 12:20:00,2003.813,2004.213,2003.786,2004.14,0.0,none,none,0.0
2023-04-19 12:25:00,2004.141,2004.244,2003.826,2003.826,0.0,none,none,0.0
2023-04-19 12:30:00,2003.839,2004.211,2003.363,2004.085,0.0,none,none,0.0
2023-04-19 12:35:00,2004.087,2004.279,2002.989,2003.058,0.0,none,none,0.0
2023-04-19 12:40:00,2003.046,2003.102,2000.942,2001.771,0.0,none,none,0.0
2023-04-19 12:45:00,2001.796,2002.126,2000.716,2001.461,0.0,none,none,0.0
2023-04-19 12:50:00,2001.462,2001.538,1999.47,2000.888,0.0,none,none,0.0
2023-04-19 12:55:00,2000.854,2001.093,1999.833,2000.439,0.0,none,none,0.0
2023-04-19 13:00:00,2000.474,2001.288,1999.719,2000.577,0.0,none,none,0.0
2023-04-19 13:05:00,2000.608,2000.829,1996.578,1996.845,0.0,277668604,1996.888,1.0
2023-04-19 13:10:00,1996.813,1996.893,1994.336,1994.336,0.0,none,none,0.0
2023-04-19 13:15:00,1994.367,1994.507,1989.216,1991.27,0.0,277686558,1991.242,1.0
2023-04-19 13:20:00,1991.242,1993.426,1990.152,1990.25,0.0,none,none,0.0
2023-04-19 13:25:00,1990.268,1991.45,1986.867,1990.722,0.0,none,none,0.0
2023-04-19 13:30:00,1990.755,1991.421,1989.78,1990.785,0.0,none,none,0.0
2023-04-19 13:35:00,1990.752,1991.422,1990.08,1991.109,0.0,none,none,0.0
2023-04-19 13:40:00,1991.105,1992.229,1990.214,1992.088,0.0,none,none,0.0
2023-04-19 13:45:00,1992.056,1993.965,1991.806,1993.846,0.0,none,none,0.0
2023-04-19 13:50:00,1993.839,1994.857,1993.15,1993.203,0.0,none,none,0.0
2023-04-19 13:55:00,1993.188,1993.231,1990.927,1991.049,0.0,none,none,0.0
2023-04-19 14:00:00,1991.082,1992.675,1990.326,1992.144,0.0,none,none,0.0
2023-04-19 14:05:00,1992.114,1995.485,1992.05,1993.599,0.0,none,none,0.0
2023-04-19 14:10:00,1993.57,1993.803,1991.94,1992.799,0.0,none,none,0.0
2023-04-19 14:15:00,1992.82,1994.589,1992.82,1993.607,0.0,none,none,0.0
2023-04-19 14:20:00,1993.598,1995.416,1993.532,1995.256,0.0,none,none,0.0
2023-04-19 14:25:00,1995.226,1995.415,1993.814,1994.101,0.0,none,none,0.0
2023-04-19 14:30:00,1994.131,1995.07,1993.289,1994.994,0.0,none,none,0.0
2023-04-19 14:35:00,1994.992,1994.992,1991.798,1991.892,0.0,none,none,0.0
2023-04-19 14:40:00,1991.889,1992.8,1990.961,1991.989,0.0,none,none,0.0
2023-04-19 14:45:00,1992.021,1992.558,1990.751,1992.464,0.0,none,none,0.0
2023-04-19 14:50:00,1992.451,1992.868,1992.012,1992.69,0.0,none,none,0.0
2023-04-19 14:55:00,1992.669,1992.766,1991.279,1991.326,0.0,none,none,0.0
2023-04-19 15:00:00,1991.358,1991.388,1989.047,1989.781,0.0,none,none,0.0
2023-04-19 15:05:00,1989.75,1989.844,1984.303,1985.603,0.0,277764647,1985.54,1.0
2023-04-19 15:10:00,1985.571,1986.767,1984.422,1984.555,0.0,none,none,0.0
2023-04-19 15:15:00,1984.524,1985.596,1984.067,1985.485,0.0,none,none,0.0
2023-04-19 15:20:00,1985.5,1986.98,1985.48,1986.779,0.0,none,none,0.0
2023-04-19 15:25:00,1986.783,1986.783,1985.536,1986.055,0.0,none,none,0.0
2023-04-19 15:30:00,1986.088,1986.609,1985.22,1985.22,0.0,none,none,0.0
2023-04-19 15:35:00,1985.19,1985.91,1981.054,1982.791,0.0,none,none,0.0
2023-04-19 15:40:00,1982.76,1983.082,1977.184,1977.491,0.0,277793569,1977.493,1.0
2023-04-19 15:45:00,1977.462,1979.567,1976.607,1979.309,0.0,none,none,0.0
2023-04-19 15:50:00,1979.307,1981.258,1978.884,1981.19,0.0,none,none,0.0
2023-04-19 15:55:00,1981.222,1981.222,1979.852,1980.006,0.0,none,none,0.0
2023-04-19 16:00:00,1980.008,1980.182,1979.456,1979.679,0.0,none,none,0.0
2023-04-19 16:05:00,1979.647,1980.528,1979.353,1979.799,0.0,none,none,0.0
2023-04-19 16:10:00,1979.803,1979.825,1978.541,1979.52,0.0,none,none,0.0
2023-04-19 16:15:00,1979.526,1979.607,1977.357,1979.607,0.0,none,none,0.0
2023-04-19 16:20:00,1979.598,1979.85,1976.828,1976.884,0.0,none,none,0.0
2023-04-19 16:25:00,1976.886,1978.219,1976.886,1977.267,0.0,none,none,0.0
2023-04-19 16:30:00,1977.297,1977.651,1976.424,1976.742,0.0,none,none,0.0
2023-04-19 16:40:00,1972.989,1976.043,1972.989,1975.388,0.0,none,none,0.0
2023-04-19 16:45:00,1975.419,1975.514,1974.414,1975.034,0.0,none,none,0.0
2023-04-19 16:50:00,1975.021,1975.785,1973.506,1974.895,0.0,none,none,0.0
2023-04-19 16:55:00,1974.865,1975.799,1973.877,1974.066,0.0,none,none,0.0
2023-04-19 17:00:00,1974.061,1976.169,1974.033,1975.542,0.0,none,none,0.0
2023-04-19 17:05:00,1975.574,1976.38,1974.357,1974.466,0.0,none,none,0.0
2023-04-19 17:10:00,1974.436,1974.65,1973.489,1973.669,0.0,none,none,0.0
2023-04-19 17:15:00,1973.645,1973.965,1971.181,1972.24,0.0,none,none,0.0
2023-04-19 17:20:00,1972.268,1973.559,1971.318,1973.5,0.0,none,none,0.0
2023-04-19 17:25:00,1973.522,1975.041,1973.404,1974.08,0.0,none,none,0.0
2023-04-19 17:30:00,1974.111,1975.574,1974.027,1975.125,0.0,none,none,0.0
2023-04-19 17:35:00,1975.139,1975.432,1974.035,1974.514,0.0,none,none,0.0
2023-04-19 17:40:00,1974.503,1974.604,1973.603,1973.826,0.0,none,none,0.0
2023-04-19 17:45:00,1973.831,1974.897,1973.127,1973.38,0.0,none,none,0.0
2023-04-19 17:50:00,1973.412,1973.749,1972.05,1973.012,0.0,none,none,0.0
2023-04-19 17:55:00,1973.047,1974.023,1972.446,1972.977,0.0,none,none,0.0
2023-04-19 18:00:00,1973.007,1973.198,1971.447,1971.73,0.0,none,none,0.0
2023-04-19 18:05:00,1971.764,1971.845,1969.889,1970.674,0.0,none,none,0.0
2023-04-19 18:10:00,1970.685,1972.19,1969.72,1971.333,0.0,none,none,0.0
2023-04-19 18:15:00,1971.368,1972.793,1971.002,1972.009,0.0,none,none,0.0
2023-04-19 18:20:00,1972.041,1973.183,1971.724,1972.792,0.0,none,none,0.0
2023-04-19 18:25:00,1972.794,1972.925,1971.263,1971.653,0.0,none,none,0.0
2023-04-19 18:30:00,1971.65,1971.65,1969.936,1970.363,0.0,none,none,0.0
2023-04-19 18:35:00,1970.34,1970.578,1969.213,1970.039,0.0,none,none,0.0
2023-04-19 18:40:00,1970.008,1970.725,1969.915,1970.313,0.0,none,none,0.0
2023-04-19 18:45:00,1970.336,1970.888,1969.68,1969.68,0.0,none,none,0.0
2023-04-19 18:50:00,1969.715,1970.866,1969.715,1970.542,0.0,none,none,0.0
2023-04-19 18:55:00,1970.508,1970.883,1970.171,1970.582,0.0,none,none,0.0
2023-04-19 19:00:00,1970.589,1970.889,1969.667,1970.845,0.0,none,none,0.0
2023-04-19 19:05:00,1970.814,1971.619,1970.207,1971.464,0.0,none,none,0.0
2023-04-19 19:10:00,1971.468,1973.312,1971.304,1973.213,0.0,none,none,0.0
2023-04-19 19:15:00,1973.178,1974.245,1972.639,1972.645,0.0,none,none,0.0
2023-04-19 19:20:00,1972.613,1976.529,1972.034,1975.979,0.0,none,none,0.0
2023-04-19 19:25:00,1975.943,1977.165,1974.9,1977.119,0.0,none,none,0.0
2023-04-19 19:30:00,1977.154,1979.12,1976.957,1978.279,0.0,none,none,0.0
2023-04-19 19:35:00,1978.261,1979.668,1976.801,1978.307,0.0,none,none,0.0
2023-04-19 19:40:00,1978.341,1979.243,1977.983,1978.889,0.0,none,none,0.0
2023-04-19 19:45:00,1978.923,1979.645,1977.626,1978.741,0.0,none,none,0.0
2023-04-19 19:50:00,1978.71,1980.258,1977.723,1980.246,0.0,none,none,0.0
2023-04-19 19:55:00,1980.276,1980.477,1979.221,1980.289,0.0,none,none,0.0
2023-04-19 20:00:00,1980.322,1983.198,1979.82,1982.83,0.0,none,none,0.0
2023-04-19 20:05:00,1982.86,1983.376,1980.567,1980.567,0.0,none,none,0.0
2023-04-19 20:10:00,1980.537,1981.55,1979.335,1981.356,0.0,none,none,0.0
2023-04-19 20:15:00,1981.403,1983.138,1980.867,1982.242,0.0,none,none,0.0
2023-04-19 20:20:00,1982.212,1983.174,1981.277,1983.113,0.0,none,none,0.0
2023-04-19 20:25:00,1983.091,1985.009,1983.091,1983.47,0.0,none,none,0.0
2023-04-19 20:30:00,1983.501,1986.717,1982.928,1985.299,0.0,none,none,0.0
2023-04-19 20:35:00,1985.326,1991.549,1985.292,1988.026,1.0,277987712,1988.087,0.0
2023-04-19 20:40:00,1987.994,1989.806,1987.015,1988.85,0.0,none,none,0.0
2023-04-19 20:45:00,1988.809,1992.888,1988.809,1991.538,0.0,none,none,0.0
2023-04-19 20:50:00,1991.506,1992.424,1990.089,1991.306,0.0,none,none,0.0
2023-04-19 20:55:00,1991.339,1992.006,1989.874,1990.64,0.0,none,none,0.0
2023-04-19 21:00:00,1990.674,1992.708,1990.395,1991.391,0.0,none,none,0.0
2023-04-19 21:05:00,1991.422,1995.514,1990.833,1994.011,0.0,none,none,0.0
2023-04-19 21:10:00,1993.979,1994.594,1992.315,1992.638,0.0,none,none,0.0
2023-04-19 21:15:00,1992.607,1993.055,1991.048,1992.798,0.0,none,none,0.0
2023-04-19 21:20:00,1992.773,1993.332,1991.37,1991.884,0.0,none,none,0.0
2023-04-19 21:25:00,1991.916,1993.828,1991.501,1993.152,0.0,none,none,0.0
2023-04-19 21:30:00,1993.183,1994.981,1993.126,1994.552,0.0,none,none,0.0
2023-04-19 21:35:00,1994.583,1995.889,1994.138,1995.743,0.0,none,none,0.0
2023-04-19 21:40:00,1995.739,1995.966,1993.852,1993.914,0.0,none,none,0.0
2023-04-19 21:45:00,1993.934,1994.049,1991.512,1993.322,0.0,none,none,0.0
2023-04-19 21:50:00,1993.353,1993.546,1991.919,1992.425,0.0,none,none,0.0
2023-04-19 21:55:00,1992.415,1993.597,1992.063,1992.794,0.0,none,none,0.0
2023-04-19 22:00:00,1992.818,1993.762,1992.207,1993.762,0.0,none,none,0.0
2023-04-19 22:05:00,1993.793,1995.15,1993.408,1994.606,0.0,none,none,0.0
2023-04-19 22:10:00,1994.577,1994.898,1993.51,1993.598,0.0,none,none,0.0
2023-04-19 22:15:00,1993.592,1995.655,1993.496,1995.035,0.0,none,none,0.0
2023-04-19 22:20:00,1995.053,1995.805,1994.385,1994.705,0.0,none,none,0.0
2023-04-19 22:25:00,1994.715,1994.903,1993.18,1994.002,0.0,none,none,0.0
2023-04-19 22:30:00,1993.996,1994.2,1993.119,1993.152,0.0,none,none,0.0
2023-04-19 22:35:00,1993.121,1993.179,1991.098,1991.484,0.0,none,none,0.0
2023-04-19 22:40:00,1991.488,1991.661,1990.779,1990.819,0.0,none,none,0.0
2023-04-19 22:45:00,1990.852,1990.896,1989.522,1989.576,0.0,none,none,0.0
2023-04-19 22:50:00,1989.56,1991.123,1988.864,1990.836,0.0,none,none,0.0
2023-04-19 22:55:00,1990.855,1992.141,1990.682,1990.742,0.0,none,none,0.0
2023-04-19 23:00:00,1990.78,1991.734,1990.337,1991.561,0.0,none,none,0.0
2023-04-19 23:05:00,1991.559,1991.897,1990.837,1991.626,0.0,none,none,0.0
2023-04-19 23:10:00,1991.631,1993.276,1991.479,1992.832,0.0,none,none,0.0
2023-04-19 23:15:00,1992.828,1993.395,1992.597,1992.972,0.0,none,none,0.0
2023-04-19 23:20:00,1992.97,1993.675,1992.733,1992.977,0.0,none,none,0.0
2023-04-19 23:25:00,1993.013,1993.699,1992.786,1992.903,0.0,none,none,0.0
2023-04-19 23:30:00,1992.934,1994.229,1992.726,1993.738,0.0,none,none,0.0
2023-04-19 23:35:00,1993.769,1995.222,1993.758,1995.121,0.0,none,none,0.0
2023-04-19 23:40:00,1995.136,1995.897,1994.571,1995.893,0.0,none,none,0.0
2023-04-19 23:45:00,1995.891,1996.131,1995.279,1995.358,0.0,none,none,0.0
2023-04-19 23:50:00,1995.328,1996.477,1995.328,1995.998,0.0,none,none,0.0
2023-04-19 23:55:00,1996.011,1996.453,1996.002,1996.002,0.0,none,none,0.0
2023-04-20 00:00:00,1996.014,1996.512,1995.316,1995.316,0.0,none,none,0.0
2023-04-20 00:05:00,1995.281,1996.008,1995.084,1995.208,0.0,none,none,0.0
2023-04-20 00:10:00,1995.193,1995.814,1994.522,1994.522,0.0,none,none,0.0
2023-04-20 00:15:00,1994.491,1995.252,1993.689,1994.964,0.0,none,none,0.0
2023-04-20 00:20:00,1994.932,1994.99,1993.89,1993.91,0.0,none,none,0.0
2023-04-20 00:25:00,1993.898,1995.109,1993.898,1994.807,0.0,none,none,0.0
2023-04-20 00:30:00,1994.838,1995.988,1994.838,1995.241,0.0,none,none,0.0
2023-04-20 00:35:00,1995.243,1995.33,1993.801,1994.214,0.0,none,none,0.0
2023-04-20 00:40:00,1994.213,1994.621,1993.83,1994.09,0.0,none,none,0.0
2023-04-20 00:45:00,1994.122,1994.282,1993.707,1993.957,0.0,none,none,0.0
2023-04-20 00:50:00,1993.937,1994.836,1993.916,1994.309,0.0,none,none,0.0
2023-04-20 00:55:00,1994.277,1994.439,1993.707,1993.946,0.0,none,none,0.0
2023-04-20 01:00:00,1993.949,1995.734,1993.844,1993.915,0.0,none,none,0.0
2023-04-20 01:05:00,1993.937,1994.505,1993.666,1994.36,0.0,none,none,0.0
2023-04-20 01:10:00,1994.363,1994.978,1994.245,1994.944,0.0,none,none,0.0
2023-04-20 01:15:00,1994.937,1996.001,1994.937,1995.583,0.0,none,none,0.0
2023-04-20 01:20:00,1995.616,1996.036,1994.846,1994.871,0.0,none,none,0.0
2023-04-20 01:25:00,1994.868,1995.24,1994.528,1994.848,0.0,none,none,0.0
2023-04-20 01:30:00,1994.849,1995.182,1994.721,1994.822,0.0,none,none,0.0
2023-04-20 01:35:00,1994.819,1995.53,1994.747,1995.319,0.0,none,none,0.0
2023-04-20 01:40:00,1995.308,1995.729,1995.225,1995.674,0.0,none,none,0.0
2023-04-20 01:45:00,1995.679,1996.597,1995.538,1996.456,0.0,none,none,0.0
2023-04-20 01:50:00,1996.486,1996.486,1995.525,1996.08,0.0,none,none,0.0
2023-04-20 01:55:00,1996.089,1996.694,1995.994,1996.35,0.0,none,none,0.0
2023-04-20 02:00:00,1996.32,1996.834,1996.072,1996.096,0.0,none,none,0.0
2023-04-20 02:05:00,1996.127,1996.318,1995.71,1995.943,0.0,none,none,0.0
2023-04-20 02:10:00,1995.94,1996.203,1995.785,1995.932,0.0,none,none,0.0
2023-04-20 02:15:00,1995.929,1996.805,1995.929,1996.555,0.0,none,none,0.0
2023-04-20 02:20:00,1996.521,1996.589,1995.752,1995.867,0.0,none,none,0.0
2023-04-20 02:25:00,1995.836,1995.954,1995.517,1995.596,0.0,none,none,0.0
2023-04-20 02:30:00,1995.598,1995.926,1994.869,1994.869,0.0,none,none,0.0
2023-04-20 02:35:00,1994.899,1995.06,1994.578,1994.947,0.0,none,none,0.0
2023-04-20 02:40:00,1994.907,1995.149,1994.516,1994.738,0.0,none,none,0.0
2023-04-20 02:45:00,1994.743,1995.229,1994.506,1995.085,0.0,none,none,0.0
2023-04-20 02:50:00,1995.119,1995.179,1994.74,1994.772,0.0,none,none,0.0
2023-04-20 02:55:00,1994.774,1994.818,1993.775,1994.456,0.0,none,none,0.0
2023-04-20 03:00:00,1994.422,1995.004,1994.225,1994.325,0.0,none,none,0.0
2023-04-20 03:05:00,1994.352,1994.486,1993.912,1994.28,0.0,none,none,0.0
2023-04-20 03:10:00,1994.315,1994.907,1994.195,1994.697,0.0,none,none,0.0
2023-04-20 03:15:00,1994.731,1994.79,1994.3,1994.672,0.0,none,none,0.0
2023-04-20 03:20:00,1994.67,1994.881,1994.534,1994.615,0.0,none,none,0.0
2023-04-20 03:25:00,1994.613,1994.735,1993.915,1994.199,0.0,none,none,0.0
2023-04-20 03:30:00,1994.197,1994.388,1994.052,1994.345,0.0,none,none,0.0
2023-04-20 03:35:00,1994.34,1994.684,1994.34,1994.683,0.0,none,none,0.0
2023-04-20 03:40:00,1994.716,1995.179,1994.645,1995.179,0.0,none,none,0.0
2023-04-20 03:45:00,1995.176,1995.383,1994.925,1995.009,0.0,none,none,0.0
2023-04-20 03:50:00,1995.005,1995.151,1994.719,1994.993,0.0,none,none,0.0
2023-04-20 03:55:00,1994.96,1995.038,1994.635,1994.679,0.0,none,none,0.0
2023-04-20 05:00:00,1994.615,1994.629,1994.096,1994.169,0.0,none,none,0.0
2023-04-20 05:05:00,1994.164,1994.839,1994.164,1994.8,0.0,none,none,0.0
2023-04-20 05:10:00,1994.805,1994.955,1994.636,1994.821,0.0,none,none,0.0
2023-04-20 05:15:00,1994.79,1995.276,1994.787,1995.177,0.0,none,none,0.0
2023-04-20 05:20:00,1995.174,1995.334,1995.003,1995.067,0.0,none,none,0.0
2023-04-20 05:25:00,1995.06,1995.232,1995.006,1995.038,0.0,none,none,0.0
2023-04-20 05:30:00,1995.015,1995.315,1995.009,1995.093,0.0,none,none,0.0
2023-04-20 05:35:00,1995.09,1995.32,1994.9,1995.32,0.0,none,none,0.0
2023-04-20 05:40:00,1995.327,1995.699,1995.195,1995.616,0.0,none,none,0.0
2023-04-20 05:45:00,1995.614,1995.614,1994.795,1994.801,0.0,none,none,0.0
2023-04-20 05:50:00,1994.798,1994.81,1994.459,1994.541,0.0,none,none,0.0
2023-04-20 05:55:00,1994.534,1994.948,1994.385,1994.506,0.0,none,none,0.0
2023-04-20 06:00:00,1994.48,1994.583,1994.005,1994.133,0.0,none,none,0.0
2023-04-20 06:05:00,1994.107,1994.459,1994.092,1994.389,0.0,none,none,0.0
2023-04-20 06:10:00,1994.387,1994.387,1993.89,1994.228,0.0,none,none,0.0
2023-04-20 06:15:00,1994.261,1994.707,1994.175,1994.55,0.0,none,none,0.0
2023-04-20 06:20:00,1994.519,1994.519,1994.181,1994.189,0.0,none,none,0.0
2023-04-20 06:25:00,1994.19,1994.202,1993.462,1993.581,0.0,none,none,0.0
2023-04-20 06:30:00,1993.593,1993.999,1993.574,1993.988,0.0,none,none,0.0
2023-04-20 06:35:00,1993.96,1994.567,1993.873,1994.301,0.0,none,none,0.0
2023-04-20 06:40:00,1994.296,1994.501,1993.15,1993.858,0.0,none,none,0.0
2023-04-20 06:45:00,1993.826,1994.252,1993.291,1994.099,0.0,none,none,0.0
2023-04-20 06:50:00,1994.101,1994.202,1993.774,1994.107,0.0,none,none,0.0
2023-04-20 06:55:00,1994.102,1994.195,1993.464,1993.653,0.0,none,none,0.0
2023-04-20 07:00:00,1993.688,1994.273,1993.505,1993.819,0.0,none,none,0.0
2023-04-20 07:05:00,1993.854,1994.571,1993.854,1994.479,0.0,none,none,0.0
2023-04-20 07:10:00,1994.476,1994.766,1994.012,1994.671,0.0,none,none,0.0
2023-04-20 07:15:00,1994.665,1995.924,1994.451,1995.9,0.0,none,none,0.0
2023-04-20 07:20:00,1995.892,1996.179,1995.337,1996.047,0.0,none,none,0.0
2023-04-20 07:25:00,1996.015,1996.538,1995.611,1995.654,0.0,none,none,0.0
2023-04-20 07:30:00,1995.65,1995.877,1994.924,1995.806,0.0,none,none,0.0
2023-04-20 07:35:00,1995.824,1996.04,1995.174,1995.904,0.0,none,none,0.0
2023-04-20 07:40:00,1995.873,1996.185,1995.558,1995.751,0.0,none,none,0.0
2023-04-20 07:45:00,1995.754,1996.682,1995.619,1995.926,0.0,none,none,0.0
2023-04-20 07:50:00,1995.921,1996.587,1995.412,1995.925,0.0,none,none,0.0
2023-04-20 07:55:00,1995.891,1996.012,1994.797,1995.644,0.0,none,none,0.0
2023-04-20 08:00:00,1995.623,1995.754,1994.236,1994.316,0.0,none,none,0.0
2023-04-20 08:05:00,1994.313,1994.323,1992.198,1993.65,0.0,none,none,0.0
2023-04-20 08:10:00,1993.684,1994.532,1993.513,1993.593,0.0,none,none,0.0
2023-04-20 08:15:00,1993.596,1994.013,1993.288,1993.434,0.0,none,none,0.0
2023-04-20 08:20:00,1993.425,1994.479,1993.425,1994.23,0.0,none,none,0.0
2023-04-20 08:25:00,1994.227,1995.316,1993.9,1995.269,0.0,none,none,0.0
2023-04-20 08:30:00,1995.299,1998.58,1995.05,1996.619,0.0,none,none,0.0
2023-04-20 08:35:00,1996.65,1997.39,1996.343,1997.134,0.0,none,none,0.0
2023-04-20 08:40:00,1997.103,1997.103,1994.826,1995.202,0.0,none,none,0.0
2023-04-20 08:45:00,1995.221,1997.293,1995.168,1997.05,0.0,none,none,0.0
2023-04-20 08:50:00,1997.018,1997.119,1995.851,1996.325,0.0,none,none,0.0
2023-04-20 08:55:00,1996.294,1996.654,1995.672,1995.715,0.0,none,none,0.0
2023-04-20 09:00:00,1995.722,1996.872,1995.713,1996.284,0.0,none,none,0.0
2023-04-20 09:05:00,1996.301,1996.48,1994.828,1994.895,0.0,none,none,0.0
2023-04-20 09:10:00,1994.857,1995.602,1994.825,1995.497,0.0,none,none,0.0
2023-04-20 09:15:00,1995.464,1995.464,1994.299,1994.572,0.0,none,none,0.0
2023-04-20 09:20:00,1994.541,1994.928,1993.849,1993.849,0.0,none,none,0.0
2023-04-20 09:25:00,1993.838,1994.018,1992.118,1992.969,0.0,none,none,0.0
2023-04-20 09:30:00,1992.938,1994.123,1992.44,1993.561,0.0,none,none,0.0
2023-04-20 09:35:00,1993.593,1994.027,1992.906,1993.03,0.0,none,none,0.0
2023-04-20 09:40:00,1993.064,1993.886,1992.903,1992.938,0.0,none,none,0.0
2023-04-20 09:45:00,1992.942,1994.029,1992.461,1993.825,0.0,none,none,0.0
2023-04-20 09:50:00,1993.808,1993.808,1992.685,1992.968,0.0,none,none,0.0
2023-04-20 09:55:00,1992.953,1993.024,1991.506,1991.769,0.0,none,none,0.0
2023-04-20 10:00:00,1991.778,1992.219,1991.148,1991.758,0.0,none,none,0.0
2023-04-20 10:05:00,1991.725,1991.725,1990.514,1990.95,0.0,none,none,0.0
2023-04-20 10:10:00,1990.951,1991.879,1990.951,1991.546,0.0,none,none,0.0
2023-04-20 10:15:00,1991.54,1992.158,1991.233,1991.515,0.0,none,none,0.0
2023-04-20 10:20:00,1991.512,1992.614,1991.482,1992.358,0.0,none,none,0.0
2023-04-20 10:25:00,1992.343,1992.73,1992.036,1992.319,0.0,none,none,0.0
2023-04-20 10:30:00,1992.32,1992.584,1992.233,1992.467,0.0,none,none,0.0
2023-04-20 10:35:00,1992.471,1992.641,1992.139,1992.641,0.0,none,none,0.0
2023-04-20 10:40:00,1992.668,1993.175,1992.546,1992.793,0.0,none,none,0.0
2023-04-20 10:45:00,1992.8,1992.942,1992.398,1992.491,0.0,none,none,0.0
2023-04-20 10:50:00,1992.489,1992.983,1992.452,1992.92,0.0,none,none,0.0
2023-04-20 10:55:00,1992.934,1993.158,1992.6,1992.761,0.0,none,none,0.0
2023-04-20 11:00:00,1992.753,1992.954,1992.121,1992.507,0.0,none,none,0.0
2023-04-20 11:05:00,1992.538,1992.869,1992.435,1992.525,0.0,none,none,0.0
2023-04-20 11:10:00,1992.495,1994.357,1992.484,1993.488,0.0,none,none,0.0
2023-04-20 11:15:00,1993.482,1993.867,1993.359,1993.77,0.0,none,none,0.0
2023-04-20 11:20:00,1993.738,1993.745,1993.243,1993.489,0.0,none,none,0.0
2023-04-20 11:25:00,1993.488,1993.711,1993.204,1993.288,0.0,none,none,0.0
2023-04-20 11:30:00,1993.314,1993.652,1993.294,1993.515,0.0,none,none,0.0
2023-04-20 11:35:00,1993.492,1993.598,1993.306,1993.306,0.0,none,none,0.0
2023-04-20 11:40:00,1993.339,1993.523,1992.614,1992.814,0.0,none,none,0.0
2023-04-20 11:45:00,1992.813,1992.865,1992.232,1992.232,0.0,none,none,0.0
2023-04-20 11:50:00,1992.261,1992.529,1992.046,1992.348,0.0,none,none,0.0
2023-04-20 11:55:00,1992.333,1992.738,1992.333,1992.735,0.0,none,none,0.0
2023-04-20 12:00:00,1992.71,1992.856,1992.211,1992.619,0.0,none,none,0.0
